Instagramhandle,followers_count
Riyaztd,0
Mr_Drug,0
i_am_visal,0
saloni_choudhary78,0
lucifer_96,0
Mrdope___,0
joshboy444,0
jimmy.cardoz,0
Meenaxr,0
akki8108,0
Apanaoks,0
Pakkir Mohideen,0
Whisky_triceps_,0
pradeepsrd,0
me.me.demo,0
Mr Mansuri,0
umeag12,0
feenixs3,0
ranjan_k43,0
mynameistariq,0
naitik6532,0
osman_4708,0
Drm0hit,0
zakiakhana,0
Kritik_kao,0
dhruvanand56,0
pd_1996,0
ghaibnvoid,0
saquibganai,0
Namann1234,0
aksat23,0
officalramanverma,1
Techno_0001,1
Tarunngroverr,1
Rajath_raj,1
shashabaz.shah,1
Rah-8882,1
Hashim.md1,1
vm.1999,1
yusuf_sahab,1
Imr devil,1
Francis_gama,1
Lishabajaj_,2
thebigdude,2
oneoone1010,2
its_rock_star_007,2
__kadesai__,2
__kadesai__,2
ca_saikrishna_p,3
Haseebhameed67,3
Rc0620,3
Itz_shadab_akram,3
itz_shadab_akram,3
shafia_.s,3
shawarmaaaa___,3
anuj.kul,3
dorika.sharma,3
ALIMUDDIN,3
itz_john__,4
Shail150,4
manashidatta2,4
Worldtrail int,4
Myselfaryan,4
charmenchanted,4
madhavi_nukala1,5
madhavi_nukala1,5
Ankush@1209,5
Jenejejrj,6
Shivugoel,6
Ragnarlord461,6
Sin_a_n_,6
Jameelabeevi,6
re.et4290,6
muskanjainofficial,7
milton_moras,7
Keshav__,7
Sam_god,7
rabin1795,8
kaniska1985,8
deepakdeepu1928,8
chhawchharia27,8
gupta_ansh20,11
aadigupta47,11
rahulsingh1234590,11
dpkibn7,11
enlightened_monkey,11
linolmao,11
nitya_mistry__,11
Safinshahsaifudeen,11
md_mustafa_hossain,12
Jgk,13
ram003,13
reper Rahul,13
Ajaynasari26,14
Haseeb.zee,14
_userdead999,14
Abhinav.sunny07,15
deepanshu_9235,15
Sarkar_081,15
Peace_isneed,15
pariyar Vishal,15
like_to_be_dude_,15
Anshulthakur_7,16
scribbbblr,16
Adllm\':a,16
prof.ayesha,17
100,17
Rsrk154197,17
Raushan_rai,17
gk30889,17
Daniel_in_the_den,17
bibek_deka,17
100lvlmaster,17
100lvlmaster,17
simranraj1407,18
asurisri,19
rausjan unt,20
shancalix,21
kashmohit,21
Mike_reddy_7,21
dads,22
hunk1865,22
Pintu_1996,23
hiteshyadav_98,24
umesh_kushwaha97,24
harpreetsingh3423,26
Rahulkakran1,26
pastabologaneshh,27
manikpradhan,27
Vlnayk,27
i_am_sin,27
Olle_hudga,27
Sushitha_kalicheti_123,28
ahmed___nisma,28
Ksag2108,28
Kasireddyraja,29
said_km,29
Irfan007,29
loduchand,29
Rajkothari99,29
H_jangid973,31
AKEDITZ461,31
Winniethepoorvi,31
Sagarjoney,32
Jorge_6548,32
Naveel819,32
shashank_pawar1234,33
viveksharma1766,33
oyebittoo,33
Kotarou_x,34
santosh______21,35
bidipvt,36
shobhi303,36
lets__earn_money,37
aghilshaji,37
rose_lady_08,38
ravinder.adepu,38
shivam741mishra,38
shivam741mishra,38
Lyubov_01,39
chins58,39
jaykv93,40
duglu_,42
the_byclever,42
ch_risty6049,42
tanaykavathekar,43
Sohail1814khan,44
kuwait_marketeer,44
Rohit89,44
Nistha chaudhary,45
black_heart_3903,46
_miss.jindal_,46
aarna_duggal,49
____femme.fatale____,50
hoonigan2025,50
Thedevyanshudevesh,50
gauravking7070,51
Nameetpatil,52
digitalgauraj,53
rupam8596,53
Rasina banu,53
_shivam_kothari,53
puneet55555,53
sython 3022,54
Amil.siddiqui.908,54
Im_inkn,55
Abhishek_es,55
ankit_chahr,57
raj_shekhar_jha,58
arjunkasireddi,60
pk.pandey1,60
sunil_rajde,60
sunil_rajde,60
Saurav_9680,61
dorababu_varanasi,62
anubhav_pandey_076,63
yash_spartan,63
Saliya9769,64
_divyasingh,64
Arypreneur,67
the_untamed__gal,67
selimskofficial,67
Kruthika_shetty_0,67
appooottan,68
achu___,68
ink engraves,69
bayyyymaaxx,69
Shyamjs92,71
Shashu000,71
Rohan77,71
karthi20s,72
advocatesandy,74
ajay_sagar,74
Sree_vasuri,74
violet_in_blue,75
anamamreen,75
akashsharma1122,75
thedurgeshnishad,76
abarna_mani,76
Shyla123,76
akash__1327,78
alanroyvarghese,79
sudeshmanchanda,79
arp_1208,81
sai.joshi_07,81
sk_prince_official_143,82
villain_2000_,83
rkn_mp4,84
_knowledgetalks,84
kale_patil,86
Haaripv,87
rya_ptl_111,88
ayushtenn,88
sai_teja__2014,88
arre_vardan,88
Kunalthecyclist,89
animesh_sen,89
mycuppacity,89
Uniquerahulsen,90
arabiangrillz07,91
ganeshreddy937,91
sridharadep,92
s.saleembasha,92
pushpenderydv12,93
maanish.patel,94
naveen__4121,95
Fawazansari70,96
kunalroy218,97
kunalroy218,97
_r0hit.___,97
Kap854,98
it_ra_hul,98
sagar_srujan_chowdary,99
_ig.anuraag_,99
jigarmistry2401,99
harshit_sharma74,99
mr_successacheiver,100
Kumar_67,101
adarsh_845,102
Ka,102
gaush_7,103
AniketUrkude,104
7bakesdegoa,105
ashu.23,105
kunal.official01,105
parjapat_16,105
Viraajrastogi,106
_its_snehu__,106
alina.zaidi.999,106
ahmedraees95,106
Pandey_ji_pvt_,107
rajeshmurki,107
zakixmohd,107
Kings_of_deviil,108
tejas.ltd,108
Dru__08,109
upender_my_name,111
Nadeem7337,111
Sudheer chowdary veluri,112
bhavesh.6777,112
iamdeeprathod,112
7.kalpesh,113
joy_abbas,113
ankurnoida11,114
Parveendubey_,115
tejas_hrx,115
Rajeshkaipa,115
akshay_62637,116
shiningsmile_rims,116
mdmahboob1999,116
pragatinahata,116
pragatinahata,116
Aniketroy495,116
Aslam sibi,116
Sibi,116
Jyothi diwakar 1314,117
satyasundarmandal15,117
naat11_bhatia,117
call_me.as.dhanu,118
sana_ansari225,119
sudeep00146,119
theguitarguyyy,119
Kadu.144,120
sureshsmartboy,121
Prachikamboj_cacs,122
godyato,124
raja_stylism,126
abhisheknath09,126
_puneetraos,127
anish_rajput11,127
Najmuddinkeranpurwala,127
being_kris,128
rahul_bangar_,128
riaz.ain,129
Kiran Bala,130
_.suraj.singh_,130
sriraj_varanasi,130
hotelexnotes,132
arun.mishra36,132
aishwarya.2901,132
bittupatel8022,132
__as_,132
lekhak.taneja,133
heydilip,134
manoj_c_b_e,135
love__lili__,135
vikash_k.u.m.a.r,135
_asadbhatt,135
naman_arora_25,136
___.d.e.e.p.a.k_28.04___,137
Vanshaggarwal2005,137
sheshacvr,138
Balvinder4821,138
Vishal Patel,139
aditya_kulkarni24,141
__bandaru.nitin.__.17,141
Papaoak,141
rakesh_maity_official,142
ravi_._parmar,142
akhaya_dash,142
manish suggu,143
manikpradhan_10_29,143
nihitbandaru,144
nihitbandaru,144
lothbrok_akash,144
myself_arif_03,145
girrajsharma,145
tusharr_17,147
Jai.leo11,147
Srinu,148
asjad673,148
Thekashishsinghal,149
v_i_n_u_s_t_a_r_k,149
santu_7_,152
Sathyadevgoud_96,152
nitishkumardas.7,152
Shravanchhoker_,153
debabrata_prusty_01,154
__abhi_pandey,155
realrexishere,158
nitinthukral89,158
Santoshhhhhhh__67,158
invertedjcurve,159
parthgupta.17,159
empdeep,160
d.rajesh_kumar_naidu,162
mohitnijhawan7,162
_dilpreet._.saini_,162
Jaggukumar5337,163
Nilesh_Jain2403,163
Im_nikkkhil,164
Amandeeppuri786,165
Bhuvan_joker,165
Anasqureshi.04,165
belanahata,165
bhavikk07,166
princesrivastava,167
good_vitreous,167
Themadnawat,168
maheshwarisanat,169
Aradhyaagupta,170
Munis_kh,171
akhil.raul,172
Vinod935858,173
_riverside_jynn_21,173
na_ni_00,173
singh.kshitiz,174
_itz_ankyy_,174
_mehul.sharma_,175
Ujjwal_ashiwal,177
androinterest,177
vvpeshwa,177
ask.kiran,178
Saibhaskar1919,179
Krish_the_rocker,179
ig_vibhas,179
dila_da_rajah,179
nishant.cinematic,179
tdnclucknow,179
ritik_saini__,179
Yatheesh_naik_007,180
suchitra_2212,181
Urstruly_nihal,182
gauravgupta282,183
optomvikrant,184
Imakshaybhosale,185
georgiansuncensored,186
badu.21,187
badu.21,187
mohitkrishnanionly,187
Skt_kej,187
utkr1,187
utkr1,187
utkr1,187
rg boy 93,188
rg boy 93,188
Prince Ameen,188
DrxAnkitSharma,188
hardik_tdg,189
ombajpai141198,189
Ns 200 pilot 68,189
Kushagra_patel165,193
Wtf_._panda,193
devilsonwheelz_,194
Rukki3,195
shammi_singh00,195
akashsaroj1998,196
dheerajkaushik90,196
mandeep_kr_gayan,196
yogeshg1998,196
_kuussshhhh,197
r_kumar21,198
Karanssachdeva,198
vishalmajigamkar,199
Me_myself,201
sharmataresh,201
theharshdaiya,201
akshay_galande_,201
aviciousavage,202
Sameer_Kulshrestha,203
niroj_meher_11,203
prasadshinde92205,203
sam_attitude,204
iconic_vamsi,204
durga mahesh vemula,204
dipesh30_12,204
anujsen03,205
itskrishnasharma,206
Saeed__3091,206
keshavpatel,207
_mr_shaikh_official__,208
sabarishmv,208
rockkstar_vishnu,208
Sourav.kapoor.75,208
_harsha_vardhan_reddy,209
Reddydinesh,210
bhaskar_livincool,210
call_me_the_fire,211
Googleminded7,211
Arthhhhhh_,211
notyour_mrinie,212
neha.nazar,213
neha.nazar,213
sachinrpatel21,214
messi.jenni,215
nameiskusa,216
mdshuxa,216
Name is sharat,217
san_santhu,218
abhinav.rai14,218
luckson phamdom,219
mr_sheronkumar,219
director_rahulnagvadiya,219
_shivam.kr,219
Parag_ludhani,219
umarumar9516,219
_ms_anger,220
thelyadhkhorjajabor,221
ryanmccrea,221
kingssunny,223
mahesh_kommuri,225
_nicky_online,225
rewanthtej,225
_p.i.y.u.s.h_007,227
hritik_dont_care,229
rakesh._.ghanta,229
aslamali___,229
anterjotsingh,230
i_am_satya.19,230
vking110,231
agrank29,231
aditya_kierator,231
talhaansari1412,232
Digitalxsandeep,232
shub_adhikari,232
Manya._.patel,232
mumbai_indiansfan.s,234
lazyfeet_,235
hitesh_kumar_bhandari,236
pavan_rocky,237
Pra_veen_patel,237
pratheepreddie,238
aman_hemanth,238
__devashyaaa__,239
Rajesh_1kohli,240
tush4r,240
i_rahul.a,241
somilgoyal23,242
somilgoyal23,242
abishek,243
_shivam.gupta23,244
Alifiyaeranpurwala,245
ranjan555,245
Chetanbhelande,246
hars.hitamishraa,247
dheemant_thacker,247
_mohammed_ayub,247
6.hima.9,247
6.hima.9,247
wakai.tarun7,248
yash__01x,249
vamsikrishnareddykaza,249
ajmalvmaji,250
i_am_siddique_oo3,250
chinmay_kamila,251
I.m.hritikkk,252
Arshiisiddiquee,252
Harish maurya,252
coolestnick,252
maharana5164,252
Gowtham laveti,253
Harsha_csri,253
adnaninmumbai,254
tanmay_biswas_,254
Shivam.sinha_,254
Prince_yaseen_shariff,256
SHANTANUMARTAND,256
patilshivaraj007,257
mr.grey_1999,257
ja_ck_s_p_arr_o_w,257
kaustubh_s_kulkarni,258
yourbarun,259
Kunta_sai_reddy,259
Ansa hiphan,260
jainnamit111,263
auroras_euphoria,263
Babi_store001,264
_thought_scripter,266
tanveer.af_,266
erfanalieee,266
sulthan_latheef__,266
_meet4047_,267
gauravkumar_96,267
navin.co.in,267
the.tale.whisperer,268
beardoholic08,269
krityaraghav,269
avi_zst_avi,269
hemanth__reddy7,269
hemanth__reddy7,269
_kushal_bachu_kumar_,269
white_discriminator,269
nandishsehgal,270
satyajeet_rawat7425,271
sandeeplahoty,271
definitelynotsameer,271
chirag2522,272
iamchoudharyritik,272
Singh_arun_thakur,273
syed_azzaam_ahmed,274
RohitYadavGwala,274
_sadain_70,274
kartiikdhamija,275
mr._strange___,276
soyab_belim,277
Smasher smile 07,277
crimsonquark,277
Faiqhussain_2,278
Ik13sahanisahab,279
Xeyyaa._,279
satyraii,280
mitti_sanju,281
saikiran0704,281
yusu.ranapurwala,281
pahwa10,282
alfi_siddique_20,284
Srikanth_laddu_patel,284
sagnik__23,286
Koyalakondashiva,286
mr_evil_genius,286
darshan,286
Yashwanth_k_varma,289
Yashwanth_k_varma,289
prashantkumarhimalay8044,289
Bhvk Kaklotar,290
babuta_,290
drkstr23,290
psythedic__trance__,291
iamgautamgoyal,291
Pratham_kawrani,292
saurabhs_97,293
Lakshit.jain_,293
Mrmadnawat,294
Mr_reflection_11,295
amold163,295
mr_codezbreaker,295
Shubham_goyal_200,296
white._._strom.12,296
__.shoy.__,296
__divya_patel610,296
bhushandond,297
kaif__khan_,299
rv_rishav0407,299
Reddy_venky,300
sneha__suresh__,300
Kissh_rai,301
lakshmideepakkandru,301
Ani_ruth,301
_nikitag2,301
Yesh0567,303
rohan__pahwa,303
sudeep.raju_42,304
_r.o.s.h.n.i._,305
niel51000,305
abhishekrohilla,306
whatsagarr,307
murukanpareparambil,308
santhrupthiuday,309
tariq_baba_001,312
kevindoshi,312
shauryacasm,312
iconic_rai,315
ravindar_eppanapalli,315
amalsureshan,315
rohitkulk427,316
mr._.maniac_,316
Ranemayur87,317
almas_cp,318
rahulshetty_21,318
__abhinav_0009,318
sahana___28,319
m.mukeshreddy,319
nat_._dove,319
deeraj_2327,319
vyengs,320
sparshvipul,321
pranav_garg_04,322
Ankitagaba,322
___itsyourakku___,323
mahesh_kar_,323
theabhi_jeet,324
Rowan9697,325
Ashuuxr,325
_some_one_you_may_know_,325
danish__vp,325
Shivansh_patidar,327
duttagobinda123,327
my_self_rafi_,327
the_binge__watcher,327
jayanthkumar01s,328
Kr_sanu_shekhawat,329
AbhinayKandula,329
raviteja.kacham,330
psycho_yash,330
psycho_yash,330
sakibbiya6,330
Varsh2021,330
____.s.a.i.____,331
anshuman_._7,332
boredenough,333
anuu294,333
sai.rajzz,334
Mallikarjuna,335
gowshick_kg,335
prateek_srs,336
erd_w.d.w,338
Ckp.007,341
abhay_g21,341
asifupadhye,341
hrikshit_das,341
aseemj4,342
Raj_bahl,342
muni_reddy46,343
anil_aravapalli,343
_mind_freak_301_,344
Sarohisonu,345
Champak02,345
Kushal_kadamba,345
mohan._.yadav,347
Mahi__manvitha,348
kunalbramhane_30,352
dixit_shiva_,352
anjankumarmj01,352
Chocobarsha30_,353
penchalaiahgoud,354
sreenath_tippepalli,355
dikshita_139,355
Abbelmelkis,356
Ghanshyam_Rajput_,358
hsnadeeb,358
aniketdubey04,359
Neerajsuri,359
raksh_bopaiah,360
daviz00,360
axayanand,361
MOHAMED ANZAR,361
Adityaraj220,361
ank1t.jpeg,363
im_zenith.io,363
epperla.karthik,363
sterlin_s_i_n_g_l_e_,364
mehakbangotra,364
Krishnendu__ramesh,365
Gauravavij,365
lefthandwriter,366
mishra_awnish,366
Nikhila_kommala,366
Zibinjohn,366
Zibinjohn,366
nice_sanjeet,367
gairik_sarkar,369
Sri_chakradhar,373
Maninder.singhx,374
sriramteja_srt,375
___luca____,377
navnis,377
_dhruvkapoor._,377
SubhDC,378
Rexwal11,378
ashikmohd12,378
s.hiva___9,378
varanasi._.maniraj,378
sunny.mavani,380
Tarushhx,381
alien_x97,382
mspviraj,382
lakshay__panwar,383
vibhor.shukla,383
Gibraan_ashraf_,384
gagandee.goraya,385
shubhibans,385
syedishujaat,385
dreams.do.get.true,385
_asif_abdul,386
msd_nawz,387
spirux69,387
Urs__sardaar,387
kshitij_kumawat,387
Asaiatin,388
binu.cr,389
binu.cr,389
Amitasharmaa,389
_tushki_,391
rxShri99,391
Shinoykumar,392
supreetjass,392
yashhh.2503,395
rushabh_s09,395
__black_venom,395
arjun_nalubala,397
mahi_reddee1997_,398
deadshid,399
soumik.united,399
Suraj._._.007,399
ri_nritya,399
anonymous__jb__,400
shub29july,402
Manoj_x.x_,402
Rawan_On_Earth,402
Mr.edara,402
ejazakhter.s,403
ayushpurnarawat,404
Haveyoumetnikhil,405
ar0ravipul,405
harsh_saini_18,405
akshay_.chintu1,407
Vishnuviswanath_vv,407
_ramesh_chary_,408
admiralrider46,408
krishnanand_mishra,409
krishnanand_mishra,409
ayushpriya10,410
Abhishekbojja,410
im_mohd_faris,411
mysterious.mot,411
gorantla_ravindra_,412
Karanchhabbra 988,412
anushkkka_30,412
_dhrumil.patel_,412
Abhishekshetty,413
0adii_tya,414
asliaady,415
vaiibhhavvv,415
_i_am_rahi_24,416
_.varunsapra,418
bhargav_labhala,419
ketankumardas11,420
asif_arshmas,423
Vikram__117,424
sinh.diva,424
Venu_gopal_junnnu,425
sibincbaby,425
abu.abubacker,425
pranav_amar,427
anse_tharakan,428
Sayyed_.abdullah,429
nikhilpannikar,429
nirmitvelani,431
aathish_mr,431
sibbu._,433
27Aditya10,434
imranansar_official,435
sunilstagram_,435
silwan03,436
Sudesh_for_u,437
Aj_sheeeran,438
bobby._03,440
aman_mishra28,441
m.naved_khan_,441
tummala_dhanvi,442
y_abhinav_y,445
abhayshub,446
Saksham_pandit_,446
_hydra_x_,447
itz_dweep,447
roysandeep1995,447
Rahul.striking2801,448
altairashishjain,448
Mihir6420,448
arijit_dutta,448
Jagadish.malvi,450
akshay.mohindra,452
guptachetan34,453
Darpesh.pawar,454
aadesh_,454
Charannarukulla,456
sparsh_puniya,457
24deepaksingh,457
stardust._.27,458
Nawaz_bolte_70,459
Hammadali2323,460
milind_verma_,461
non_sense_2.0,462
justkush9,468
__somu_ashish,470
amarnaik,470
saketkumarrr,472
rachit995,473
princemathew__,473
Gaurry_shankar,473
Vipul88,474
basimci,475
apr_ig_,476
praveen_andyy,478
tanmay_batham,480
the_lens_lover_,480
keepwaffling,482
aayush_bajaj_,484
Abuimarah_1,485
vasthav_dandumenu,486
Call me bhai 0717,487
kush_9900,488
Dinudinesh_,489
knowmenot___,489
bazil_j_nizam,492
rohitsharma6511,494
lakshyadixit_,495
tedd3.9,496
Hussainsaify,497
Neela.bharath,499
r.rishichowdary,500
gaurang_1606,501
bhrgv_949,501
MohamadMeerasa,502
Ali_raza.11,502
_.rooonak_._,504
yashwa_raj,505
imjigyanshu,505
shanmukha_67,506
abhikahuja2002,506
Restlessmystic,506
_akash1510,507
__mr.panda,507
taha_arenpurwala,512
uzzuahmed,512
sandeep.ydav,513
akhilpalerii,513
abhas_sinha,513
mynameis.saj,514
Kunalagarwal1,517
hey_abhishek_heree,517
tanish_tehri,519
nawy_dk,522
_vaibhav_debaje,523
nidhi keshwan,526
Imgarvkalra,527
sandippatawari,527
9dee,528
Sunny_chowdary_kurapati,529
tushhant,530
Gomcoite2,532
mr_choubey_1054,533
Mohit_keshor,534
honestly_masquerading,534
rockey____biswas,535
ni____gah,537
Zaidi_akbar_,537
Yash_.kothari,538
_i.abhishek_,539
_arun_siva,539
darshan.rajashekar,540
a.k.s.h.a.t_p.a.t.h.a.k,540
Rishzzz15,541
thehippiebiker_,541
Its7aman,542
Bornconfused_._2021,542
Vir.veer,543
ps.himanshu,545
mortal_vibes,545
Shubham_peelwan,546
Ishan._.jain,546
aniruddh_singh27,546
arviiind_,546
mysticfreak,549
sumanthkancham._,550
silkysinghrajputofficial,552
dilshadsheik,552
middle_class_abhaie,552
befikra_beast,553
gautam_swain,553
clickbugscreativestudio,554
RAZI AHMAD 123,555
yashwin_sharma_54,556
maxx.36,558
Vatssingh,561
mr_bhargav_ksb,562
Im_majnu,563
advithiyananjappa,564
Varunchawla,565
malar,566
abbas_dalvi,566
mr_novo_,566
hemangipatel.9,566
abhinavmishraaa_,567
Rishab_tonger,570
maemanji,572
C_h_a_n_d_a_n__r,573
Utshav khakhalary,573
za_mi.r,573
vipintiwarii,575
Rahulkmehta,577
sathwik_b_x_r,580
__sarthak._,581
I am Diya 165,582
imran_khanm,584
pac_pew,585
itz_bhushan_garud_27,585
sajad_chaki,585
nikkkhil___2,586
iamrahulkamath,586
_mens360,588
Babu_doctor,590
arshdeepsiiingh,590
_washim_akhtar_,591
aneez_raheem,593
kush_garg07,595
has7im_,596
_prashantbhatia,596
v.__.raj,597
WhoNitinVerma,598
Shresthsingh__,603
refer_.earn,603
rishab2806,603
abbas_6432,605
krsaurabhh,606
yashvee02,607
deeps,609
Gulabjamun09,609
akakhonde,610
the_creator_of_myself__,610
saharshraliya,610
Sidshadab919,612
_mewliet_,612
_introspectionalist_,612
smit.without.h,616
brahman_vineet_dubey,617
Samyakdas,619
nikunj_sing.h,621
the_zabu,621
Dark_saassy,623
theyashbaid,623
n_u_k_3_,624
Fatema_taha_e,624
debasahariah,625
prats_nahata,626
mr_gaba4,626
_mehul___,627
Pavan_bhale_09,628
Mr duö,630
Nischal.chadha,630
sreesankar_prasad,631
aaaaaarvind,632
Akhlak badsha,632
Jaisanil_____,634
Abhinav_xo_,636
danish_bedii,637
_radhika7,637
mr_stubborn_____,638
___d.e.e.p.a.k__,640
ranjeetarani,644
shasankrao,648
pixel_clicks__,649
who_rk_ahir,650
Shivamm_8,650
pruthvi_sharma_,650
siva_ram_since_97,654
Sathvik2999,655
sajeer_salahudeen,657
sajeer_salahudeen,657
mangomanmishra,658
a_ra_n_ba_z,659
loveistravelling,660
srujan.nulu,661
Harishraj,661
captain_gooner,662
shreya00007,663
aniket.n.mishra,667
Mozikishivamofficial,668
Ovung_Meri,668
nayanabalachandran,669
its_adityajoshi,669
mitalimishra31,669
mr.manishrangi,672
Yusuf_ahmad0,673
treesabenny,674
s.a.i_v.a.r.d.h.a.n,675
dhananjay_dube45,676
adithya.naidu._,682
Harsha._.hvg7,683
04_jones,685
midhun_miracles,687
Ramagiri maheshkumar,687
_kanchan_k,689
Kunal.kush.18,699
sairam_gupta_,700
ahmed__nansola_916,700
__ragv__,702
yellowpeanut_,706
Shlokpuri_,707
chintulalala,708
nk_nandu_2406,710
ankuuu05,711
priyanshu_pritesh,713
m_razi_ansari,713
Ksmadhavi.180,714
review_by_hema,715
_jamshi_jz,715
vineet__kataria,715
ojasvee_ak7,715
sanjeetk.gupta,716
Ragiitindwani,717
nihar_1610,717
alvin_aidoneus_aides,717
Thehighghalib,721
kishore___kommuri,722
Manikanta,722
sakshamkhandelwal_,722
call_me_faizz,723
abhayrm,723
_pareshs_,727
Sohailsid_1,727
satyadevnrusimhadevara,727
born__out_of_mud,728
marvel_lyrical,728
marvel_lyrical,728
udhav_joshi,728
sardarsuraj,728
Shubhmmm,731
shadow_khan01,732
_im_happi,738
_tharun.reddy_,738
Sufiyaaaaan__,739
taneja_unchained,741
whoqasim._,743
iampraveenprasad,743
AjayYadav3007,744
__farhaan.khan_,744
__yasar._.bagban__,750
architsuryawanshi,751
yaah_yash,752
Kumar_sai_46,753
mkm.x_,759
vaishnav.dange,759
_.mayank_rai._,759
Rushabh0102,760
nomadjivan,761
jackedsalad,762
felixherald_,763
rabeehabdulnazer,764
dastanatik,764
Nisarg menon,766
rijino.robin__mvk,766
iamitkamboj,767
rev_an_th_,769
_b_rain__in_d_e_p_e_n_d_e_n_t_,773
kalpsanghavi,774
Annubhav__,776
avaniishettyy,778
thelightfandango_,778
nihaael,781
arnab_chakma_,782
ranjan,786
abhilashdarshi,790
tihorr_,790
suisola_21,791
himankjain1,791
adishhalarnkar,795
shaan4ever4you,800
ig_brutus_1,800
Souvicinho_,803
dolly.39,806
_anupam_borah_,806
nitinmalhotra_,808
itsfreelancer,808
Oy.prashant06,812
Jerrys.world_,813
__saumya.jain__,815
vaani_mehta,817
dhairyarai,819
kuthuhxl_m,822
kuthuhxl_m,822
anguap0101,823
surya_sangem_004,826
spandan.10,827
oyeladdu,827
john_joshy_,828
wwefaisal.fm,829
aaronbrittoalexander,831
siddharth_mewada,831
legendaries_legend,836
nani8809,836
Samrat0007,838
_mr_thirdeye_,839
Sai_reddy197,842
srivatsa_rajeswaran,849
chinnnu_chowdary,852
ningyar_wungrei,858
shemeer_abdullah,860
itsmebirdman,860
Manu_suraj,860
Viqar90a,862
pri_nc_e,867
Syedasumaiyaqureshi94,867
mahetaparth1,868
_rahul_choudhary_21,869
_ana.s._,876
hadi_m_shamsudeen,876
aadilsheikh,880
Aaviraldhingra,881
world_of_august_,881
toumraider1,882
sarang.nayak.bala,883
kushrj7,883
pratee.e.k,885
richu.mathews,889
dust_sam,890
__vigi_,890
Na,901
sa,901
Na,901
__.the_.lensman_0509__._,901
farizrahman007,903
nasir.pandoliya,904
iamcanisiusandrew,905
karm_patel___,905
dhuria_swagger,906
shaikh._.saheb,907
___mr.dark_kd___,908
Mohit__teke,910
Mohit,910
Jyotir121,910
Paras_pk_kushwah,911
Nishantsaini0786,913
addyz_09,914
ananyasharma,914
Ananya,914
the.raw.reviewer,914
Sukhe4001,915
motorstig,917
Mr. Rudy_khan,917
sapna12ki,918
jayant_poddar,923
ankitmallickmusic,929
ranusingh,930
thomsajan,931
riya__aka__sami,933
gargi_agrawal1351,934
bipulism,937
_mohitbaman,938
in_seyn_ly,941
kaptured121,941
pankaj_786_,949
pankaj_786_,949
prathamesssh_k,950
_meghamerin_,950
_meghamerin_,950
harshitmanocha,953
Y_a_s_h_lv_u,956
sanya.siddy,956
vedanth_sai,956
_amir4real_,957
feelsshashwat,960
Kalthireddy_yaswanth,962
abhinashk7,964
marvanhassain,964
ajmer_foodie_masters,965
senani_jayesh,967
Aditya_ vohra_,968
aniruddhmaheshwari,975
abdullahabeebx,975
_.priyanshiee._,976
ashique_ali__,977
kunal_onii,978
_harini_rao_,979
pranav.durai,981
Anmol.999_,988
Varaddongre,989
akshay_697,994
umsram,995
Hypestar___pd,996
chandra.maloo,996
04_durgesh_tyagi,999
abdul__rahim___,"1,003"
rusticgoan,"1,005"
theexodus_hebrew,"1,007"
_krishna_k_29,"1,010"
sid_._22,"1,012"
Krishnashakya001,"1,016"
itsbhanupratap,"1,017"
Me_shoonya_hu,"1,021"
sairamogirala,"1,021"
tanmay____.2000,"1,021"
koushik_2048,"1,021"
abeythomas92,"1,022"
__afre_en__,"1,023"
josh_snapz,"1,026"
__sarthak__jain__,"1,029"
reviewbypriha,"1,029"
Psr____1718____,"1,029"
shadowleaf.satyajit,"1,032"
Abdulkady,"1,033"
Syed-irfan-sadiq,"1,036"
Sunny_baba_marathe_1414,"1,036"
therameet,"1,036"
meghna_gowda25,"1,039"
aarif6297,"1,040"
Sarvesh_zaildar,"1,040"
tejshah96,"1,040"
_subtle_shimmer_,"1,043"
aparna_rana_92351,"1,044"
shamiansari,"1,045"
lucid_chxcxlate,"1,049"
TheRealJXD,"1,049"
revanth_jkr_,"1,053"
Skinsnapper,"1,054"
sweet_wonderer22,"1,056"
_wr_ath_,"1,058"
mr.paul_jr,"1,058"
imhoc.k,"1,059"
mr.shd_perfect,"1,065"
bharatbalachandran,"1,067"
pathannasir247_,"1,067"
kartiks_08,"1,070"
sukhsingh_preet,"1,071"
hardikdvaidya,"1,072"
ronakjohar,"1,074"
Àméénprince,"1,075"
Iamujjwallll,"1,076"
tejas_07,"1,077"
Words__not__said,"1,078"
glavin_dsouzaa,"1,088"
Aparna.j10,"1,090"
darshan_nadig,"1,090"
saiyyad.rahil.ali,"1,094"
Varuntrikhaa,"1,095"
haseendard_,"1,095"
haseendard_,"1,095"
vibes6_4_7,"1,100"
Amitbhatt.307,"1,103"
angshumanrj,"1,103"
Extracheesepliss,"1,104"
iakshaydherange,"1,104"
d_goner.08,"1,109"
Sjalam_rajpurohit,"1,109"
mkyakamohit,"1,116"
Vibodh Rath,"1,121"
josline007,"1,121"
rusha_nath,"1,127"
Siddhartha kunhare,"1,127"
kapilchhabra768,"1,133"
kapilchhabra768,"1,133"
_harish_verma_,"1,134"
_.mr._.z._.09._,"1,136"
igauravbishnoi,"1,137"
musthafamanchila,"1,139"
tapasvivachhani,"1,143"
Sketchix_arts,"1,143"
shanir__10,"1,144"
hardikk1985,"1,145"
b_sushreeta,"1,147"
pratikgohil.ig,"1,154"
ruchika.1201,"1,157"
tejasm,"1,158"
phobophistic,"1,161"
vedant_logs,"1,164"
mr__supersonic,"1,167"
vgauravyadav__,"1,168"
vgauravyadav__,"1,168"
SaanviPandey,"1,173"
MEHEDI alom,"1,173"
Akansha.ruchi3,"1,180"
Ritikagill___,"1,184"
prashantdclg,"1,185"
rishhabhshah,"1,190"
Abix310,"1,193"
Shuhaibik,"1,203"
makeupxtanisha,"1,204"
ft.sakill,"1,205"
Saurabrockz,"1,206"
caughtinacuff_i,"1,207"
nailarttutorialsbysherry,"1,207"
Vachan__gowda,"1,212"
the_lone_roadtripper,"1,218"
_x_mr._.devil_x_,"1,226"
ivinodchaudhari,"1,228"
_raghavjhawar,"1,238"
sh00nya0_0,"1,240"
itsmyway18,"1,241"
officialmodel_16,"1,242"
im_shibil,"1,242"
Ummul_.32,"1,245"
_miss.ritika_,"1,248"
bxshxrxt,"1,250"
ro__shan___,"1,253"
porwal_shreya,"1,253"
thepinknoor,"1,256"
sextillon,"1,258"
simranglitz,"1,260"
iamdebdoot,"1,262"
thesourabhraj,"1,263"
kapoor.yugal,"1,264"
hafis_ahmed,"1,266"
miss_mahanta6,"1,270"
Snskrshrma,"1,275"
abhaysingh,"1,275"
techiee_kamboj,"1,277"
anjali_jaitly06,"1,279"
abhishekp0056,"1,283"
vansshh_,"1,286"
Girl_with_new_hobby,"1,288"
_janvhibhadouriya_,"1,291"
_kunal.26_,"1,293"
aaqil_faizal,"1,297"
Oyeekaran,"1,307"
Twinklemarwah,"1,310"
satwikpradhan_,"1,310"
captainjeenu,"1,311"
m._ns._r,"1,312"
Nilesh_dhande_official,"1,315"
ivishnuvinod,"1,326"
ivishnuvinod,"1,326"
cindrella_sv,"1,329"
nahid.mohd_,"1,330"
Arora_.harsh,"1,332"
gautam.nagpall,"1,333"
Mriinaaal,"1,338"
Aslam__\':,"1,344"
_f_w_z_n_,"1,346"
AnDro_0iD,"1,354"
travis_ronny_05,"1,356"
__.ritika.__1428,"1,361"
Khushipal.mua9033,"1,366"
Visheshverma00,"1,369"
fervent.fertile,"1,373"
glam_your_look,"1,377"
omkar.startupguy,"1,378"
Siddharthsalve1,"1,378"
Murtaza_moizz,"1,380"
stinu__san_007,"1,380"
itstarunadithyaa,"1,381"
arreansh,"1,385"
_unicorn__crafty_,"1,387"
_mr.manoj__patel,"1,397"
raj_savla_,"1,402"
fayazz.7,"1,405"
glow_with_pranshi,"1,411"
_chan.dan_,"1,412"
Syam_ raj_s_s,"1,413"
Uddhav.Parab,"1,415"
bdas1201,"1,417"
btwitsnikunj,"1,418"
Shankar-0,"1,422"
Khushvd,"1,429"
chauhan viraj,"1,438"
bongonaari.2000,"1,439"
soocalledfood,"1,448"
Altamash.saif,"1,450"
ram.chowdary81,"1,453"
arpitsshrivastava,"1,456"
Jagritibhadouriya,"1,460"
_shabeyy,"1,461"
mohitmanchand,"1,473"
jraj_d21,"1,475"
rishiofficial___,"1,483"
cuddlymumma,"1,484"
petezmagik,"1,487"
_bottle_of_whiskey_,"1,487"
sujal_katriar15,"1,488"
o.u.s.e.p.h,"1,496"
mr_afshan_09.dx,"1,502"
singhabhi_yansh,"1,513"
knottedwithlove._,"1,522"
ruchikagautam30,"1,523"
Sapphicspacestone,"1,526"
I.am.levin,"1,527"
muhammed_rikas,"1,529"
subin,"1,530"
nachiket08.99,"1,538"
_iishin_,"1,549"
xx._.ks,"1,552"
Agilan_2002,"1,558"
paayalpaul,"1,566"
_avra_nil_,"1,574"
the_aesthetic_hands,"1,576"
jellycard,"1,583"
ayush_taleda_,"1,607"
Shaaniiid,"1,610"
-,"1,619"
-,"1,619"
-,"1,620"
Hetbhavsar_,"1,631"
Jess77_k,"1,636"
btw_itzz__harsh,"1,644"
Sumoistheway,"1,646"
kuriwood,"1,653"
kuriwood,"1,653"
Abuzer__08,"1,658"
awwkashverma,"1,677"
sarikasri_15,"1,679"
league_of_justice_,"1,681"
Mr__1925,"1,687"
_anand_suresh,"1,687"
duskygirlme,"1,702"
manojpkumarurs,"1,704"
shejeem_ft_aboobacker,"1,707"
Kaifkhan_2425,"1,707"
saha_ishika15,"1,710"
Sheruk_,"1,728"
Sachdeva1757,"1,730"
jubin.thaj,"1,738"
Caringshering,"1,747"
narcox._,"1,755"
rosesofsharon_indaeyo,"1,767"
_im_sane,"1,782"
mr.shebin_,"1,785"
Monisha_paryani,"1,787"
Xxjini_,"1,788"
_meeeeettt,"1,793"
__.shrutighosh,"1,795"
rjsudeep,"1,799"
_nawabzada_,"1,806"
har_sha_257,"1,818"
Sha Rafu Deen,"1,819"
__chicomalo__,"1,823"
joarder_simran,"1,914"
GlobalCitizen26,"1,917"
thewinningpanda,"1,925"
Ritikrajsingh65,"1,936"
momzlittleboy,"1,945"
m_a_pandagirl,"1,950"
Geetansh.in,"1,957"
aman.deep._07,"1,959"
paridhii.aroraa,"1,962"
raspberry_muffins,"1,974"
maniish._,"1,987"
oyeitsaniket,"1,987"
Yuvaan0512,"2,015"
Kartikayysharma_,"2,026"
Umangthacker9797,"2,028"
_nameisharsha,"2,029"
BringingMadness,"2,035"
Im.ashish_kumar,"2,061"
thedarksun_25,"2,064"
jhalak.offical,"2,064"
_irfan_iqbal__,"2,065"
preethiaradhya,"2,075"
madhu.singh.__,"2,091"
lost_black__soul,"2,096"
lost_black__soul,"2,096"
Beautiflypriya,"2,098"
Feltdeletemightcutelater,"2,107"
Rao Arun 9890,"2,108"
saba_shona_,"2,120"
Angelic_hargun,"2,126"
prii_zza,"2,129"
arora.arushi123,"2,132"
shinning_raji,"2,143"
anubhuti_sharma7,"2,162"
iamsayedjaved,"2,175"
Poojaa4287,"2,199"
Govinda chauhan 7833,"2,211"
Ad.faruq,"2,215"
hari___8746,"2,215"
techymatty,"2,261"
blogsbyupasana,"2,278"
__.sa_.njo,"2,284"
limegreensoda,"2,292"
limegreensoda,"2,292"
manisha_fashionista,"2,295"
Jaysinghrajput,"2,328"
borntoeattasty,"2,334"
debluuuuu,"2,348"
Waldenfernandes,"2,357"
indianmommybabycare,"2,394"
Nikky.chuahan.76,"2,402"
the_lucan_boy,"2,403"
Beauty_influencer06,"2,408"
pearlkakaria1029,"2,411"
Shiyaz__mohammed,"2,414"
nandu_rpm,"2,419"
Sisodiya__777,"2,438"
M0hdwasi_7,"2,449"
Sidddooooo,"2,450"
rahul._.1015,"2,457"
akash_banerjee_99,"2,470"
dochutkinamak,"2,492"
akkibomb007,"2,494"
_lil_miss_panda___,"2,501"
_pekxtadoo_,"2,518"
My self,"2,521"
Myself,"2,521"
Royalboyshreya,"2,522"
Rahuldhuri_,"2,526"
Rohya_vanjare,"2,535"
i_mm_me,"2,555"
Jain.viplav,"2,569"
multitask_center,"2,576"
Doraemi_amaira,"2,576"
thisisdhot,"2,587"
fletcher_ferndz,"2,590"
prathamnahata,"2,591"
mr__soban__,"2,601"
nidhi_speaks,"2,608"
__garima__08,"2,655"
sassywithcuteness,"2,690"
tfairytale_,"2,744"
mr_pixture,"2,768"
wanderlust_d_13,"2,770"
rohithsunil_,"2,776"
anamika82019,"2,793"
Foodiliciouskaur,"2,807"
imvipinsolanki,"2,823"
drashti__12_,"2,840"
suhail_mohd_z,"2,859"
mayurbhargava26,"2,957"
nupurs_tutorials,"2,979"
Syed_aasem,"3,011"
__i_am_rj__,"3,034"
shiraz,"3,042"
Meeth_kothari,"3,052"
Voice.it_gaurav,"3,075"
ammumemonn,"3,078"
Shashank.zx,"3,089"
Bhumikanagwani03,"3,163"
bepostivequote,"3,172"
best_cg_foods,"3,182"
best_cg_foods,"3,182"
sejalsoni1313,"3,190"
noisy_boiii,"3,209"
mohitchhabra17,"3,229"
crazy_girl_tj,"3,236"
crazy_girl_tj,"3,237"
sketchy_life__04,"3,262"
Mahaveer_pandey,"3,269"
its_jat09,"3,281"
akshika_arya,"3,303"
the_nikhil_lodha,"3,307"
Akanshasethi06,"3,316"
nasirkhan9567,"3,344"
Vinodkumar__7,"3,361"
barath,"3,368"
Jaikhushikanimish,"3,425"
appayan_134,"3,465"
sidlegendyt,"3,487"
Shivam.rajjj,"3,512"
anupriyaa_official,"3,525"
Ka_shi_to,"3,535"
vartika_kaushikk,"3,538"
lazymarksman,"3,540"
i_harshitsutariya,"3,562"
vish__24,"3,568"
imuhammedshanoob,"3,658"
kunaaallllllll,"3,667"
from_90s_till_now_,"3,680"
deepalichaudhary._,"3,719"
dancingrahul5678,"3,724"
dopehope__,"3,734"
Elegance_beauty4u,"3,771"
monickapahujadance,"3,777"
aashvik_singhh,"3,845"
theartisticbliss_,"3,849"
kavish.ramsinghani,"3,879"
Designerwhoblogs,"3,901"
Designerwhoblogs,"3,903"
smiletheorys,"3,929"
sowmya_vlogs,"3,939"
Storiesofskincare_,"4,019"
neha_thakur_mua,"4,039"
neha_thakur_mua,"4,039"
Brown_kudii621,"4,043"
Honeyshhh__,"4,051"
foodieashwini,"4,090"
arshiya_handa,"4,155"
mohdunaisuddinghaazi,"4,179"
rasputin.__,"4,184"
Shivaanyy,"4,204"
roy_chaudhary_31,"4,211"
Avi.verma9040,"4,228"
bombayfoodmonger,"4,309"
anshikajain_makeup,"4,317"
Mohitjainhere,"4,321"
Mohitjainhere,"4,321"
Hrithik_thakur,"4,348"
_the_serial_killer,"4,405"
Vishnu_jeengar_1410,"4,484"
Imdgod,"4,501"
yashii_kalra,"4,538"
soul_ryuk,"4,601"
harshit_singh089,"4,610"
syed_qaasim_ali47,"4,618"
pjchowdary,"4,627"
snki_editx,"4,646"
_gujjukudi_,"4,658"
Vishnuu_reddy,"4,666"
Pearlayayay,"4,687"
iam_eshaan,"4,717"
get2saket,"4,772"
vns.flavours,"4,902"
ashigupta2205,"4,916"
savijay125,"4,980"
goel_hitesh,"5,024"
_fthussain_27,"5,069"
Zarna_gupta,"5,098"
signature_sandy,"5,127"
homechef142,"5,128"
ababywithsign,"5,140"
Samnaqqash,"5,152"
Naitikgosaroffical,"5,207"
tanaya_fating_,"5,237"
Ritikagandhiii,"5,239"
rudranshh_dixit,"5,249"
kashishtayall,"5,251"
dark_ninja9708,"5,273"
Dark_ninja9708,"5,274"
thekunalverma_,"5,308"
Heena9490,"5,364"
Navalmahajanofficial,"5,399"
officiallravigupta,"5,408"
magonsiddhant,"5,421"
minute_particle30,"5,438"
minute_particle30,"5,439"
_sparkle_and_slay,"5,456"
_paras_s_singh_,"5,460"
S_fahad_26,"5,508"
Shruti_sonkar___,"5,572"
deepscreate,"5,609"
little___wings,"5,618"
A__R__J__UN,"5,662"
tcoruscant,"5,797"
anusarofficial,"5,862"
Kash1f.khan,"5,918"
_divyachadha_,"5,922"
maheswara,"5,963"
_ritikashresthaofficial_,"6,007"
s7xtax,"6,020"
Fatima_queenn786,"6,058"
sam.143,"6,130"
deepalisingh.2003,"6,156"
_khalwat_,"6,160"
_khalwat_,"6,160"
anurag_thakur_since1997,"6,203"
ipuneettanwar,"6,308"
yukta.upadhyay,"6,361"
Praveenkumarappu,"6,458"
foodie_moody_ayusha,"6,570"
fee_lingsinheart,"6,655"
entertainerankitkumar,"6,700"
priyasachdeva777.ps,"6,738"
G_e_e_t389,"6,748"
No Instagram,"6,785"
Itsme_anshh_,"6,830"
foodie_0_plates,"6,839"
lets_woo_it,"6,870"
emila.kumar,"6,934"
addu____007,"6,958"
its__mithlesh,"7,006"
its__mithlesh,"7,006"
Muhammed nabeel,"7,057"
rouna_kjaiswal,"7,111"
minime.in.you,"7,117"
whodanishganie,"7,142"
Ca.nandini_jaiswani,"7,169"
Crazyfashionablegirl,"7,232"
shagxxiiieee,"7,264"
5911.bhatia,"7,269"
_rajannaaaaa,"7,406"
d.ayydreamer,"7,428"
Jhalakdulwaniii,"7,581"
Rishigupta345,"7,715"
Itisanushka,"7,882"
ThecryptoPerson,"8,085"
Pravi_beauty.diary,"8,110"
priyanka_fit,"8,118"
ma.ni_writes,"8,165"
delitespoon,"8,391"
teenz.cookingjournal,"8,400"
teenz.cookingjournal,"8,400"
Prathamofficial7,"8,418"
Thatmissdimples,"8,426"
alvin_castelino,"8,577"
lucky_dass,"8,633"
khan_tahzeeb18,"8,769"
zealocity,"9,013"
jasdeep.xr,"9,027"
beautificsoumi,"9,165"
_diyahah,"9,573"
_food_nation__,"9,587"
btwitslishan,"9,668"
mommyonway,"9,950"
Khushiluthra_,"9,992"
Shantanu,1.3M
bhanu,1.4M
tasty___tales,10.1K
Shivanikatoch_,10.1K
ammy_stalked_and_,10.1K
I.adil.naqvi,10.1K
the.unicorn.dreams,10.1K
rjsurajtech,10.2K
kritiagarwal143,10.2K
chinu_pratibha,10.2K
themagictouch123,10.2K
neelsagar25,10.3K
neelsagar25,10.3K
_taste_the_joy,10.3K
Shilpic8619,10.4K
princyindoria,10.4K
Makeupbypriyankabhatia,10.4K
tempting_tastes,10.4K
i_am_kalpana_,10.5K
iam.kriyansh,10.5K
_.wildest.girl._,10.5K
Chattori_chhori,10.6K
thesweetlifeofdharv_and_mommy,10.6K
weird_on3,10.6K
shadesofmyart,10.6K
srija_________,10.6K
mr_umang.sinh,10.7K
Lensfy,10.7K
shikhakhanna28,10.7K
weiredfox,10.7K
mahi.Sharma.758737,10.7K
rohan_choco,10.8K
Mohraj_world,10.8K
Foodfoododoo,10.8K
karankumar.a,10.9K
riyoo26,101K
iamprinceonly,102K
iamprinceonly,102K
sravyaschannel,10K
its_afsanaism,10K
___n_a_n_d_y___,11.1K
Nikitajoshitiwari,11.1K
dona_sona60,11.2K
surbhi_juneja_6,11.2K
Trickswithdips,11.2K
lovelykhetpal,11.2K
Mecurlygirl,11.2K
monika_ajm,11.2K
monika_ajm,11.2K
badshx,11.3K
taruna_nathwani_,11.3K
nikkiiiipawar,11.3K
galtheordinary,11.4K
Its_mominaaaa,11.5K
mpillaimanjusha,11.6K
Mayanksharma,11.6K
yamitsingh12345,11.7K
punit__vats,11.7K
incredible__neil,11.7K
Mayanksharma,11.7K
13tanishq_bhatia,11.7K
animeyoiimide,11.8K
Itz_fardeen_ziyam,11.8K
Two_girls_and_the_city,11.8K
Two_girls_and_the_city,11.9K
dusky_beauty14,11.9K
sanmatip11,11.9K
starry_eyess__,112K
badshah_312,114K
avril_ame,11K
apekshaaa_14,11K
n_icky_jain,11K
pinch.of.secret_ingredient,12.1K
shobhapriyank,12.2K
Sunshine_smyles,12.2K
priy_anshi_27,12.2K
feliannrodrigues,12.2K
heramb27,12.2K
peachy_bug_,12.3K
thatlucknowfoodie,12.6K
Iamshwetaasharma,12.6K
Iamshwetaasharma,12.6K
Talkswithtassu,12.6K
monikagupta2020,12.7K
syhmeenakshi,12.8K
syhmeenakshi,12.8K
shomby_goswami,12.9K
__.everydayfashion.__,12K
Manu.reddy,13.1K
Premlawand,13.1K
moumita_mazumdarr,13.2K
_Abubakkar_diamondboi786,13.3K
Handloom ikat,13.4K
_.krutikaa_&,13.5K
Ishutalreja,13.6K
imvedantsamaiya,13.7K
niru_talkies,13.7K
maxxdevries007,13.8K
thearjitmathur,13.8K
sudeshm,13.8K
sharmaarya69_,13.9K
d_.i_v_y_.a,13.9K
akshsingh,132K
junegirltasmiya,13K
officialvikramsen,13K
Ruksanabanuu,13K
dr.rhee_k,14.1K
akki_raina_,14.2K
Pathan__ff__100,14.4K
jayeshshinde_55,14.5K
iamprernagautam,14.6K
g.c.solo,14.7K
_priya_2702,14.7K
siddhiandmommy,14.7K
Sabahatkhan313,14.9K
Bilalkhan46_,15.1K
raj_sahu_the_history_fanatic,15.1K
_soumya_tiwari_,15.1K
areeba_quotes31,15.1K
Makeover_by_gulafsha,15.2K
Lil_mum_in_town,15.3K
Nitinjaya2016,15.4K
Akshaypatel,15.6K
Rishabh_mutreja,15.6K
kanu2306,15.6K
Topsecretkrishna,15.7K
foodicted.fellow,15.8K
dhara_atara,15.9K
_pssycho.foodie_,15.9K
Hammad.bin_shakeel,15.9K
mrshadab786,150K
rupshaaa_____,15K
BikerGirlSonali,16.1K
Official_singhraman,16.2K
tanyasharma.___,16.2K
rayanblaze,16.4K
avanidalal8181,16.4K
Rishahidalkatiri,16.6K
eesha_thelipstickwali,17.3K
ammaraazmi,17.5K
Vipasha_lehru,17.5K
Fitnessbyradhikasahni,17.7K
Harleenkaur,172K
jithendrajithu01,174K
Sanjoy_joseph,178K
bubandmumma,18.1K
mr_sallu_oo7,18.4K
Bhavna_jaiswal_official,18.6K
UNIQUELYYOURS.JALAN,18.8K
globaltravellermunda,180K
globaltravellermunda,180K
nbl,188K
ranajit01,19.4K
Anjli_aggarwal29,19.6K
arman_x70,191K
delhitedude,196K
booksfortanmay,199K
Goldenheartpooja,20.2K
simmi__sarkar,20.3K
simmi__sarkar,20.3K
Mumbaispecialfood,20.3K
puneetanjugaur,20.4K
Shotbyphotofreak,20.4K
Alhaadiislamic.expo,20.6K
mayurisaha_,20.8K
mayurisaha_,20.8K
Shopaholicadventures,20.8K
chiragsajnanii20,20.9K
foodiologylko,20.9K
Amritpal singh,204K
anaskhan_.24,20K
Karthikeyan,21.1K
swatisachinagarwal,21.1K
Parul_gulati20,21.4K
rider_ricky_,21.5K
akashraina,21.5K
ryan.poetry,21.6K
jatinkumar,219K
my_lifesstyyle,21K
moms_moreish,22.5K
Its_aayushiee_,22K
allrounder_mom,23.5K
iamrealsami,23.7K
Abhimanyu,231K
mom_munchkin21,23K
mom_munchkin21,23K
Mom_and_zeeva,23K
_clayton_araujo_,24.1K
07rajputshivam,24K
_exquisite_bae,25.6K
rajeevgx,251K
dreamer_shubhiofficial_,25K
vaibhav,26.3K
sanchitsaran,26.4K
piyush_meher_official,26.4K
navofthejosh,26.4K
Soumen,26.9K
ridhsidh24,26K
shriyadwivedi,27.4K
Spicyndtangy,27.9K
positive_flavor_,28.6K
____rajkumar______,28.8K
Vijay Gill,28.8K
bino,290K
hoodh,2M
dishu__jain,30.1K
Creative_lifestyle_diaries,30.5K
kingofclubsin,30.6K
arunsoneji,30.8K
amit_thakur72,30K
sukha_o0,31.6K
jharnajog,31.6K
sayyoni_menka,32.6K
aditikaps123,32.7K
prashantjamwal_,32.8K
_abhipatel777_,320K
Haj,320K
vijay,330K
Rudrasharmaaa,34.5K
stylinghub0702,35.5K
_.jo._se._ph_.,35.8K
Rahul,353K
nidhimittal_71,36.1K
gorgeous_girl_ayesha,36.9K
pamperskin.ig,36K
parassingh,37K
Upscnewsnation,38.1K
smilingyourway,39.9K
N/A,391K
N/A,391K
N/A,391K
Thaakur,3M
Since0197_v.ra,41.9K
Yes,42.1K
gagangugnani,42K
aman,453K
lalitnaga007,48.7K
Pawanthakur_7777,50.1K
Nikivermaofficial,50K
Pr_iyanshu_tiwari,51.2K
themuditsharma,51.9K
Shanu,511K
Alone Heart,52.6K
The_mommy_island,54.3K
Delhi_street_food1,56.1K
A,6.1M
manish,6.7M
mani,6.7M
twinshivangi,60K
the_.perfectionless._gul,62K
Singhpooh132,75.9K
aju_meghwanshi_01,81.8K
No,815K
No,815K
bairagi049,83.3K
Dorle.priyanka,84.7K
foodiebliss8,85.6K
Sushma,95K